"Ruzicka, J.J., Brodeur, R.D., Emmett, R.L., Steele, J.H., Zamon, J.E., Morgan, C.A., Thomas, A.C., and Wainwright, T.C. (2012). Interannual variability in the Northern California Current food web structure: Changes in energy flow pathways and the role of forage fish, euphausiids, and jellyfish. Progress in Oceanography. 102, pp. 19-41.",,,,,,,,,,,,,,,,,,,,,,,,,,,,,,,,,,,,,,,,,,,,,,,,,,,,,,,,,,,,,,,,,,,,,,
Northern Californian Current food web - 2004,MZ: micro-zooplankton,"Z1ai: copepods (large, >= 0.025mg C)","Z1aii: copepods (small, < 0.025mg C)",Z1b: small invertebrate larvae,Z1d: pteropods,Z2a: pelagic amphipods,"Z2b: pelagic shrimp (Sergestidae, Panaeidae)",Z2c: other macro-zooplankton ,Z2e: small jellyfish ,Z2f: large jellyfish ,Z3a: E. pacifica (adult & juveniles) ,Z3b: T. spinifera (adult & juveniles) ,C: cephalopod aggregate,PlnkF1a: smelt aggregate,PlnkF1b: shad,PlnkF1c: sardine,PlnkF1d: herring,PlnkF1e: anchovy,PlnkF1f: saury,PlnkF2a: coho yearling,PlnkF2bi: Chinook subyearling,PlnkF2bii: Chinook yearling,PlnkF2c: other juvenile salmon,PlnkF3: mesopelagic fish aggregate,PlnkF4: planktivorous rockfish,PiscF1a: coho,PiscF1b: Chinook,PiscF1c: other salmon aggregate,PiscF2: shark aggregate,PiscF3a: jack mackerel,PiscF3b: Pacific mackerel,PiscF4: piscivorous rockfish,PiscF5: dogfish aggregate,PiscF6: hake,PiscF7: sablefish,"PiscF8: Hexagrammidae (lingcod, greenling)",PiscF9: flatfish (water-column feeders),BnthF1: skates & rays,BnthF2: misc. small benthic fishes,BnthF3: benthivorous rockfish,"BnthF4: Gadidae (cod, haddock, pollock)",BnthF5: flatfish (benthic feeders),BnthF6: flatfish (small),BnthF7: grenadier,JuvF1: juvenile rockfish,JuvF2: juvenile fish (other),DepB1: infauna,DepB2a: Pandalus spp.,DepB2b: other epibenthic shrimp (Caridea),DepB3: mysids,DepB4: echinoderms,"DepB5: benthic amphipods, isopods, and cumaceans",SspB2: bivalves,SspB3: misc. epifauna (suspension feeders),CrnB1: Dungeness crab,CrnB2: Tanner crab,CrnB3: misc. epifauna (carnivorous),SB1: sooty shearwaters,SB2: common murre,SB3: gulls & terns,SB4: alcids,SB5: large pelagic seabirds,SB6: other pelagic seabirds,SB7: coastal seabirds (divers),SB8: storm-petrels,PlnkMM1: gray whales,PlnkMM2: baleen whales,PiscMM1: small pinnipeds,PiscMM2: large pinnipeds,PiscMM4: toothed whales
P1: large phytoplankton,0.2650307,0.4638037,0.397546,0.397546,0.3644172,0.2738429,0.03379141,0.2012908,0.3478528,0,0.4041718,0.3047853,0,0,0,0.2918,0.24,0.363,0,0,0,0,0,0,0,0,0,0,0,0,0,0,0,0,0,0,0,0,0,0,0,0,0,0,0,0.0929,0,0,0,0,0.06625767,0,0.01325153,0.006625767,0,0,0,0,0,0,0,0,0,0,0,0,0,0,0,0
P2: small phytoplankton,0.1349693,0.2361963,0.202454,0.202454,0.1855828,0.1394571,0.01720859,0.1025092,0.1771472,0,0.2058282,0.1552147,0,0,0,0.0101,0.01,0.0113,0,0,0,0,0,0,0,0,0,0,0,0,0,0,0,0,0,0,0,0,0,0,0,0,0,0,0,0.0103,0,0,0,0,0.03374233,0,0.006748466,0.003374233,0,0,0,0,0,0,0,0,0,0,0,0,0,0,0,0
MZ: micro-zooplankton,0,0.3,0.4,0.4,0.15,0.2583583,0.03075209,0.151857,0.25,0,0.3,0.3,0,0,0,0,0,0,0,0,0,0,0,0,0,0,0,0,0,0,0,0,0,0,0,0,0,0,0,0,0,0,0,0,0,0,0,0,0,0,0,0,0.03,0.01,0,0,0,0,0,0,0,0,0,0,0,0,0,0,0,0
"Z1ai: copepods (large, >= 0.025mg C)",0,0,0,0,0.01562472,0.01585909,0.02546271,0.02090364,0.006417296,0.03481949,0.003627167,0.003627167,0.00390618,0.01203103,0.02416251,0.008761004,0.002845931,0.003164006,0.006054579,0,0.001,0,0.1016,0.003454179,0.001685238,0,0,0.01975293,0,0.000111605,0.004631613,5.58026E-05,0,0,0,0,0,0,0,0.000786816,0.001143953,0.001120474,0.003939661,0,0.03046262,0.03572481,0,0.006138283,0,0.008091373,0,0,0,0.000279013,0,0,0,0,0,0,0.1519757,0,0.01,0,0.2082195,0,0.000558026,0,0,0
"Z1aii: copepods (small, < 0.025mg C)",0,0,0,0,0.1534717,0.1557738,0.250104,0.2053232,0.06303301,0.3133754,0.03562736,0.03562736,0.03836792,0.1181732,0.237333,0.08605377,0.02795377,0.03107802,0.05947028,0.001,0.003,0.001,0.0339,0.0339282,0.01655302,0,0,0.09876467,0,0.001096226,0.04549339,0.000548113,0,0,0,0,0,0,0,0.007728396,0.01123632,0.01100571,0.03869679,0,0.299215,0.3509021,0,0.06029245,0,0.07947641,0,0,0,0.002740566,0,0,0,0,0,0,0,0,0,0,0,0,0.005481132,0,0,0
Z1b: small invertebrate larvae,0,0,0,0,0.1109036,0.1125671,0.1807332,0.1483732,0.04554969,0.0547921,0.02574548,0.02574548,0.0277259,0.08539577,0.1715045,0.06218523,0.0202003,0.02245798,0.04297514,0,0.017,0.004006326,0.07001516,0.02451762,0.01196175,0,0,0,0,0.000792169,0.03287499,0.000396084,0,0,0,0,0,0,0,0.005584788,0.008119727,0.00795308,0.02796355,0,0.2162224,0.2535731,0,0.04356927,0,0.05743222,0,0,0,0.001980421,0,0,0,0,0,0,0,0,0.005,0,0.02602743,0,0.003960843,0,0,0
Z1d: pteropods,0,0,0,0,0,0,0.05563956,0.02557975,0,0.02474482,0,0,0.1253697,0.017015,0,0.0101,0.002,0,0.005428587,0,0,0,0,0.0121512,0,0.004097038,0.005,0.006584312,0,0.01640283,0.005600086,0,0.001878739,0,0.004299421,0,0.000361296,0,0,0,0.001110262,0,0.005102363,0,0.07966574,0.02984304,0,0.01445184,0,0.01083888,0,0,0,0,0,0,0,0,0.01,0,0,0,0,0,0,0,0,0,0,0
Z2a: pelagic amphipods,0,0,0,0,0,0,0.02326458,0.01069566,0,0.04418718,0,0,0.05242083,0.17015,0.008,0.005,0.04,0.0023,0.05428587,0.001,0.035,0.008,0.01129277,0.1071515,0.001007958,0,0,0.210698,0,0.006858518,0.002341564,0,0.000785557,0,0.001797717,0,0.000151069,0,0,0.0101,0.000464234,0,0.002133451,0,0.03331064,0.01247827,0,0.006042747,0,0.00453206,0,0,0,0,0,0,0,0.015,0.005,0.005,0.0152,0.0121,0.015,0,0.03123292,0,0.01,0,0,0
"Z2b: pelagic shrimp (Sergestidae, Panaeidae)",0,0,0,0,0,0,0.005,0.0051,0,0,0,0,0.02167949,0.1021,0,0.0604,0.032,0.0284,0.0543,0,0,0,0,0,0.2218,0.0584,0.01,0.0132,0,0.1008,0.0104,0.001,0.0103,0,0,0,0,0,0,0.0655,0,0,0.005,0,0.105,0.031,0,0.01,0,0,0,0,0,0,0,0,0,0.02,0.01,0.005,0.0152,0.011,0.02,0.01,0.0312,0,0.03,0,0,0
Z2c: other macro-zooplankton ,0,0,0,0,0,0,0.07509586,0.03452459,0,0.08837435,0,0,0.1692095,0.1508663,0.002,0.0503,0.03,0.0284,0.04885728,0.15,0.117,0.1022,0.1038935,0.003313965,0.1310345,0.05531002,0.01,0.01316862,0.005,0.02213865,0.007558349,0.09,0.002535704,0.0101,0.005802862,0,0.000487635,0,0,0.005,0.001498504,0,0.00688658,0,0.1075236,0.04027869,0,0.01950542,0,0.01462906,0,0,0,0,0,0,0,0.04,0.015,0.01,0.0314,0.0251,0.05,0.02,0.1093152,0.12,0.05,0,0,0
Z2e: small jellyfish ,0,0,0,0,0,0.006526131,0.004315544,0.002131059,0,0.2046308,0,0,0,0.03581658,0,0.001694704,0,0.03581658,0.02285435,0,0,0.000421666,0.03446835,0.02790359,0.002121751,0.006468199,0,0.05405391,0,0.002121751,0.009821431,0,0.003252391,0.002122412,0.00910185,0,0,0,0,0.002121751,0.006468199,0.001056671,0,0,0.01325803,0.008694575,0,0,0,0,0,0,0,0,0,0,0,0,0,0,0,0,0,0,0.01095755,0,0,0,0,0
Z2f: large jellyfish ,0,0,0,0,0,0.001377911,0.00136676,0.00067492,0,0,0,0,0,0,0,0,0,0,0,0,0,0,0,0,0,0,0.000133449,0.01755816,0.000669568,0,0,0,0.002746807,0,0.007206532,0,0,0,0,0,0,0,0.00134499,0,0,0,0,0,0,0,0,0,0,0,0,0,0,0,0,0,0.002026342,0.000669568,0,0,0,0,0,0,0,0
Z3a: E. pacifica (adult & juveniles) ,0,0,0,0,0,0,0.1827713,0.03615492,0,0,0,0,0.3209016,0.2102975,0.3922131,0.2870287,0.4136066,0.3235402,0.1936107,0.003,0.078,0.003,0.1693915,0.7732585,0.2681311,0.1095344,0.1742139,0.05633607,0.007131148,0.4312918,0.4436287,0.2888828,0.1469016,0.3953508,0.04628115,0,0.03565574,0,0,0.002852459,0.2191402,0,0.07195328,0,0.05990164,0.02945164,0,0.1426229,0.03565574,0.07216721,0,0,0,0.003565574,0.0142623,0,0,0.0142623,0.01069672,0.007131148,0.180632,0.02864873,0.01782787,0.007131148,0.1113172,0.03565574,0.3565574,0,0,0
Z3b: T. spinifera (adult & juveniles) ,0,0,0,0,0,0,0.07352869,0.01454508,0,0,0,0,0.1290984,0.08460246,0.1577869,0.1154713,0.1663934,0.1301598,0.07788935,0.001,0,0,0.1422889,0.007732585,0.1078689,0.04406557,0.07008607,0.02266393,0.002868852,0.1735082,0.1784713,0.1162172,0.05909836,0.1590492,0.01861885,0,0.01434426,0,0,0.001147541,0.08815984,0,0.02894672,0,0.02409836,0.01184836,0,0.05737705,0.01434426,0.02903279,0,0,0,0.001434426,0.005737705,0,0,0.005737705,0.004303279,0.002868852,0.07266803,0.01152535,0.007172131,0.002868852,0.04478279,0.01434426,0.1434426,0,0,0
C: cephalopod aggregate,0,0,0,0,0,0,0,0,0,0,0,0,0.001,0,0.007,0,0,0.002268667,0,0.001,0.006,0.06410122,0,0,0.01511937,0.08194077,0.005004337,0.1316862,0.02008704,0.006047747,0.0829469,0.000999518,0.01545079,0.02520679,0.05404899,0.15,0.005,0.01,0.001,0.001007958,0.02048519,0,0.005043712,0.3,0,0,0,0,0,0,0,0,0,0,0.01,0,0,0.15,0.2,0.05,0.005065856,0.5523937,0.15,0.015,0.01041097,0,0.035,0.01,0.0119942,0.2
PlnkF1a: smelt aggregate,0,0,0,0,0,0,0,0,0,0,0,0,0.00469338,0,0,0,0,0,0,0.01131933,0.01076717,0.01009077,0.002512339,0,0,0.05334235,0.05482408,0.02483023,0.02777574,0.01629007,0.00651962,0.0269316,0.01836449,0.03240054,0.02426448,0.009429202,0.0233485,0.000987821,0.000920271,0.00044901,0.005980808,0,0.004638164,0,0,0,0,0,0,0,0,0,0,0,0.003451015,0,0,0.06735145,0.05388116,0.04355393,0.06993137,0.02254819,0.06465739,0.05630581,0.050302,0,0.01347029,0.02070609,0.01587467,0.03592077
PlnkF1b: shad,0,0,0,0,0,0,0,0,0,0,0,0,0.000160539,0,0,0,0,0,0,0,0,0,0,0,0,0.001960228,0.002014679,0.000912463,0.001020705,0.000598629,0.000239583,0.000989684,0.00067486,0.001190657,0.000891673,0.000346505,0.000858012,3.63005E-05,3.14782E-05,1.65002E-05,0.000219783,0,0.00015865,0,0,0,0,0,0,0,0,0,0,0,0,0,0,0.002475036,0.001980028,0.001600523,0,0.000828602,0.002376034,0.00206913,0,0,0.000495007,0.000944347,0.001658274,0.001320019
PlnkF1c: sardine,0,0,0,0,0,0,0,0,0,0,0,0,0.01658582,0,0,0,0,0,0,0,0,0,0,0,0,0.2025177,0.2081432,0.09426961,0.1054524,0.06184632,0.02475216,0.1022476,0.06972201,0.1230108,0.0921217,0.03579859,0.08864412,0.003750328,0.003252122,0.001704695,0.02270653,0,0.01639069,0,0,0,0,0,0,0,0,0,0,0,0,0,0,0.2557042,0.2045633,0.1653554,0,0.08560569,0.245476,0.2137687,0,0,0.05114084,0.09756365,0.1713218,0.1363756
PlnkF1d: herring,0,0,0,0,0,0,0,0,0,0,0,0,0.001615442,0,0,0,0,0,0,0.003896067,0.003706014,0.003473201,0.000864737,0,0,0.01836021,0.01887022,0.008546464,0.009560294,0.005606975,0.002244026,0.009269745,0.006320983,0.01115213,0.008351734,0.003245493,0.008036458,0.000340004,0.000316753,0.000154547,0.00205857,0,0.001596437,0,0,0,0,0,0,0,0,0,0,0,0.001187825,0,0,0.02318209,0.01854567,0.01499109,0.02407009,0.007760994,0.02225481,0.01938023,0.01731374,0,0.004636418,0.007126951,0.005463996,0.01236378
PlnkF1e: anchovy,0,0,0,0,0,0,0,0,0,0,0,0,0.02762592,0,0,0,0,0,0,0.06662722,0.0633771,0.05939573,0.01478799,0,0,0.3139808,0.3227025,0.1461544,0.163492,0.09588572,0.03837543,0.1585233,0.1080961,0.1907143,0.1428243,0.05550165,0.1374327,0.005814459,0.005416847,0.002642936,0.03520391,0,0.02730091,0,0,0,0,0,0,0,0,0,0,0,0.02031318,0,0,0.3964404,0.3171523,0.2563648,0.4116262,0.1327219,0.3805828,0.3314242,0.2960849,0,0.07928808,0.1218791,0.09344061,0.2114349
PlnkF1f: saury,0,0,0,0,0,0,0,0,0,0,0,0,2.76643E-05,0,0,0,0,0,0,0,0,0,0,0,0,0.000337789,0.000347172,0.000157237,0.000175889,0.000103156,4.12853E-05,0.000170544,0.000116293,0.000205176,0.000153654,5.97102E-05,0.000147854,6.25535E-06,5.42437E-06,2.84334E-06,3.78733E-05,0,2.73388E-05,0,0,0,0,0,0,0,0,0,0,0,0,0,0,0.000426501,0.000341201,0.000275804,0,0.000142786,0.000409441,0.000356555,0,0,8.53003E-05,0.000162731,0.000285756,0.000227467
PlnkF2a: coho yearling,0,0,0,0,0,0,0,0,0,0,0,0,0.000041472,0,0,0,0,0,0,0.000100021,9.51416E-05,8.91648E-05,2.21997E-05,0,0,0.000471347,0.00048444,0.000219407,0.000245434,0.000143943,5.76091E-05,0.000237975,0.000162274,0.0002863,0.000214408,0.000083319,0.000206314,8.72866E-06,8.13176E-06,3.96757E-06,0.000052848,0,4.09841E-05,0,0,0,0,0,0,0,0,0,0,0,3.04941E-05,0,0,0.000595136,0.000476109,0.000384854,0.000617933,0.000199242,0.00057133,0.000497533,0.000444482,0,0.000119027,0.000182965,0.000140273,0.000317406
PlnkF2bi: Chinook subyearling,0,0,0,0,0,0,0,0,0,0,0,0,1.65081E-05,0,0,0,0,0,0,3.98137E-05,3.78715E-05,3.54924E-05,8.83669E-06,0,0,0.000187622,0.000192834,8.73358E-05,0.000097696,5.72973E-05,2.29316E-05,9.47269E-05,6.45937E-05,0.000113963,8.53459E-05,3.31655E-05,8.21241E-05,3.47448E-06,3.23688E-06,1.57931E-06,2.10364E-05,0,1.63139E-05,0,0,0,0,0,0,0,0,0,0,0,1.21383E-05,0,0,0.000236896,0.000189517,0.000153193,0.000245971,7.93091E-05,0.00022742,0.000198045,0.000176928,0,4.73793E-05,7.28299E-05,5.58362E-05,0.000126345
PlnkF2bii: Chinook yearling,0,0,0,0,0,0,0,0,0,0,0,0,0.000225975,0,0,0,0,0,0,0,0,0,0,0,0,0.002759222,0.002835867,0.001284385,0.001436746,0.000842631,0.000337238,0.001393082,0.000949934,0.001675972,0.001255121,0.000487741,0.00120774,5.10967E-05,4.43088E-05,2.32258E-05,0.000309367,0,0.000223317,0,0,0,0,0,0,0,0,0,0,0,0,0,0,0.003483866,0.002787093,0.0022529,0,0.001166343,0.003344511,0.002912512,0,0,0.000696773,0.001329265,0.00233419,0.001858062
PlnkF2c: other juvenile salmon,0,0,0,0,0,0,0,0,0,0,0,0,7.27856E-06,0,0,0,0,0,0,1.75542E-05,1.66979E-05,1.56489E-05,3.89617E-06,0,0,8.27241E-05,0.000085022,3.85071E-05,0.000043075,2.52629E-05,1.01107E-05,4.17659E-05,2.84799E-05,5.02472E-05,3.76297E-05,1.46229E-05,3.62092E-05,1.53193E-06,1.42717E-06,6.96331E-07,9.27513E-06,0,7.19293E-06,0,0,0,0,0,0,0,0,0,0,0,5.35188E-06,0,0,0.00010445,8.35597E-05,6.75441E-05,0.000108451,3.49681E-05,0.000100272,8.73199E-05,7.80091E-05,0,2.08899E-05,3.21113E-05,2.46187E-05,5.57065E-05
PlnkF3: mesopelagic fish aggregate,0,0,0,0,0,0,0,0,0,0,0,0,0.02,0,0,0,0,0,0,0,0.004,0.0160253,0,0,0.05039789,0,0,0.02633725,0.0251088,0,0,0.00499759,0,0.001008272,0.005404899,0,0.002000709,0,0,0.02015916,0,0,0,0.05,0,0,0,0,0,0,0,0,0,0,0,0,0,0,0,0,0,0,0,0,0,0,0,0,0,0.07
PlnkF4: planktivorous rockfish,0,0,0,0,0,0,0,0,0,0,0,0,0,0,0,0,0,0,0,0,0,0,0,0,0,0,0,0,0.01709064,0,0,0.01701658,0.007010829,0,0.01618617,0.01528088,0.00680663,0,0,0.001029119,0,0,0,0,0,0,0,0,0,0,0,0,0,0,0,0,0,0,0,0,0,0,0,0,0,0,0,0.02246188,0.03825326,0.01497459
PiscF1a: coho,0,0,0,0,0,0,0,0,0,0,0,0,0,0,0,0,0,0,0,0,0,0,0,0,0,0,0,0,0.03903101,0,0,0,0,0,0.005053817,0,0.01166265,0,0,0,0,0,0,0,0,0,0,0,0,0,0,0,0,0,0,0,0,0,0,0,0,0,0,0,0,0,0,0.03887551,0.01943776,0.0155502
PiscF1b: Chinook,0,0,0,0,0,0,0,0,0,0,0,0,0,0,0,0,0,0,0,0,0,0,0,0,0,0,0,0,0.009581784,0,0,0,0,0,0.001240669,0,0.002863083,0,0,0,0,0,0,0,0,0,0,0,0,0,0,0,0,0,0,0,0,0,0,0,0,0,0,0,0,0,0,0.009543609,0.004771805,0.003817444
PiscF1c: other salmon aggregate,0,0,0,0,0,0,0,0,0,0,0,0,0,0,0,0,0,0,0,0,0,0,0,0,0,0,0,0,0.001587201,0,0,0,0,0,0.000205514,0,0.000474263,0,0,0,0,0,0,0,0,0,0,0,0,0,0,0,0,0,0,0,0,0,0,0,0,0,0,0,0,0,0,0.001580878,0.000790439,0.000632351
PiscF2: shark aggregate,0,0,0,0,0,0,0,0,0,0,0,0,0,0,0,0,0,0,0,0,0,0,0,0,0,0,0,0,0,0,0,0,0,0,0,0,0,0,0,0,0,0,0,0,0,0,0,0,0,0,0,0,0,0,0,0,0,0,0,0,0,0,0,0,0,0,0,0,0,0.002
PiscF3a: jack mackerel,0,0,0,0,0,0,0,0,0,0,0,0,0,0,0,0,0,0,0,0,0,0,0,0,0,0,0,0,0.03223744,0,0,0,0,0,0,0,0,0,0,0,0,0,0,0,0,0,0,0,0,0,0,0,0,0,0,0,0,0,0,0,0,0,0,0.001,0,0,0.005840115,0,0.04380086,0.01752035
PiscF3b: Pacific mackerel,0,0,0,0,0,0,0,0,0,0,0,0,0,0,0,0,0,0,0,0,0,0,0,0,0,0,0,0,0.02296256,0,0,0,0,0,0,0,0,0,0,0,0,0,0,0,0,0,0,0,0,0,0,0,0,0,0,0,0,0,0,0,0,0,0,0,0,0,0.004159885,0,0.03119914,0.01247966
PiscF4: piscivorous rockfish,0,0,0,0,0,0,0,0,0,0,0,0,0,0,0,0,0,0,0,0,0,0,0,0,0,0,0,0,0.02486471,0,0,0.02475697,0.01019987,0,0.02354883,0.02223176,0.009902787,0,0,0.001497239,0,0,0,0,0,0,0,0,0,0,0,0,0,0,0,0,0,0,0,0,0,0,0,0,0,0,0,0.0326792,0.05565366,0.02178613
PiscF5: dogfish aggregate,0,0,0,0,0,0,0,0,0,0,0,0,0,0,0,0,0,0,0,0,0,0,0,0,0,0,0,0,0.005021761,0,0,0,0,0,0,0,0,0,0,0,0,0,0,0,0,0,0,0,0,0,0,0,0,0,0,0,0,0,0,0,0,0,0,0,0,0,0,0.025,0.15,0.005
PiscF6: hake,0,0,0,0,0,0,0,0,0,0,0,0,0,0,0,0,0,0,0,0,0,0,0,0,0,0,0.01000867,0,0.2511,0,0,0,0.1575,0,0.1384,0.1,0.25,0.05,0,0,0,0,0,0.05,0,0,0,0,0,0,0,0,0,0,0,0,0,0,0.01,0,0.002026342,0,0,0.002,0,0,0,0.1,0.18,0.15
PiscF7: sablefish,0,0,0,0,0,0,0,0,0,0,0,0,0,0,0,0,0,0,0,0,0,0,0,0,0,0,0,0,0,0,0,0,0,0,0,0,0.01,0,0,0,0,0,0,0,0,0,0,0,0,0,0,0,0,0,0,0,0,0,0,0,0.001013171,0,0,0,0,0,0,0,0,0.02
"PiscF8: Hexagrammidae (lingcod, greenling)",0,0,0,0,0,0,0,0,0,0,0,0,0,0,0,0,0,0,0,0,0,0,0,0,0,0,0,0,0.02008704,0,0,0,0.0053,0,0.006485879,0,0.005001772,0,0,0,0,0,0,0,0,0,0,0,0,0,0,0,0,0,0.005,0,0,0,0.02,0,0.002026342,0,0,0,0,0,0,0.083,0.015,0
PiscF9: flatfish (water-column feeders),0,0,0,0,0,0,0,0,0,0,0,0,0,0,0,0,0,0,0,0,0,0,0,0,0,0,0,0,0.0502,0,0,0.01482169,0.0721,0,0,0.015,0.001,0.015,0,0.001235141,0.0072,0,0,0,0,0,0,0,0,0,0,0,0,0,0,0,0,0,0,0,0,0,0,0,0,0,0,0.07410844,0.003211366,0.003
BnthF1: skates & rays,0,0,0,0,0,0,0,0,0,0,0,0,0,0,0,0,0,0,0,0,0,0,0,0,0,0,0,0,0,0,0,0,0,0,0.00216196,0,0,0,0,0,0,0,0,0,0,0,0,0,0,0,0,0,0,0,0,0,0,0,0,0,0,0,0,0,0,0,0,0.02,0.075,0.005
BnthF2: misc. small benthic fishes,0,0,0,0,0,0,0,0,0,0,0,0,0,0,0,0,0,0,0,0,0,0,0,0,0.01007958,0,0.005004337,0,0,0,0,0.00999518,0,0.001008272,0.08647838,0.25,0.1000354,0.05,0,0.03023873,0.02560649,0,0.02017485,0.05,0,0,0,0,0,0,0,0,0,0,0.01,0,0,0,0.015,0.005,0.005065856,0,0,0.1,0,0,0,0.034,0.01599226,0.01
BnthF3: benthivorous rockfish,0,0,0,0,0,0,0,0,0,0,0,0,0,0,0,0,0,0,0,0,0,0,0,0,0,0,0,0,0.00826226,0,0,0.008226457,0.0033893,0,0.007825006,0.007387358,0.003290583,0,0,0.000497515,0,0,0,0,0,0,0,0,0,0,0,0,0,0,0,0,0,0,0,0,0,0,0,0,0,0,0,0.01085892,0.01849307,0.007239282
"BnthF4: Gadidae (cod, haddock, pollock)",0,0,0,0,0,0,0,0,0,0,0,0,0,0,0,0,0,0,0,0,0,0,0,0,0,0,0,0,0,0,0,0.000999518,0,0,0.005404899,0,0,0,0,0,0.00102426,0,0,0,0,0,0,0,0,0,0,0,0,0,0,0,0,0,0.05,0,0,0,0,0.02,0,0,0,0.052,0.000999516,0
BnthF5: flatfish (benthic feeders),0,0,0,0,0,0,0,0,0,0,0,0,0,0,0,0,0,0,0,0,0,0,0,0,0,0,0,0,0.0502,0,0,0.02417702,0.07210369,0,0.0043,0.074,0.04,0.059,0,0.002014752,0,0,0,0,0,0,0,0,0,0,0,0,0,0,0,0,0,0,0,0,0,0,0,0.03,0,0,0,0.1208851,0.005238354,0.006
BnthF6: flatfish (small),0,0,0,0,0,0,0,0,0,0,0,0,0,0,0,0,0,0,0,0,0,0,0,0,0,0,0,0,0.0201,0,0,0.02100129,0.02060105,0.001,0.0216,0.05,0.025,0.05,0.005,0.001750108,0.0031,0.002,0,0,0,0,0,0,0,0,0,0,0,0,0.01,0,0,0,0.05,0.005,0.0051,0,0,0.05,0,0,0,0.1050065,0.00455028,0.025
BnthF7: grenadier,0,0,0,0,0,0,0,0,0,0,0,0,0,0,0,0,0,0,0,0,0,0,0,0,0,0,0,0,0,0,0,0,0,0,0.005404899,0,0,0,0,0,0,0,0,0,0,0,0,0,0,0,0,0,0,0,0,0,0,0,0,0,0,0,0,0,0,0,0,0,0,0
JuvF1: juvenile rockfish,0,0,0,0,0,0,0,0,0,0,0,0,0.008,0,0,0,0,0,0.1194289,0.362,0.043,0.3916184,0.00338783,0.003313965,0.04031831,0.02560649,0.05004337,0.02633725,0.02611316,0.01713528,0.02384723,0.00999518,0.01545079,0.008066174,0.03567233,0.01700713,0.006002127,0.023,0.008,0.007055705,0.003072779,0,0.003026227,0,0.006298353,0.006195659,0,0,0,0,0,0,0,0,0.012,0,0,0,0,0,0,0,0,0,0,0,0.017,0,0,0.003
JuvF2: juvenile fish (other),0,0,0,0,0,0,0,0,0,0,0,0,0.004,0.01134333,0,0.001006356,0.01,0.001134333,0.2388578,0.394,0.541,0.2914602,0.1027642,0.003313965,0.02015916,0.02048519,0.05004337,0.02633725,0.05122196,0.03326261,0.0487313,0.00499759,0.03090158,0.01714062,0.07026368,0.03301384,0.0110039,0.047,0.017,0.003023873,0.007169817,0,0.007061197,0,0.01469616,0.01445654,0,0,0.005,0,0,0,0,0,0.033,0,0,0,0,0,0,0,0,0,0,0,0.033,0,0,0.007
DepB1: infauna,0,0,0,0,0,0,0,0,0,0,0,0,0,0,0,0,0,0,0,0,0,0,0,0,0,0,0,0,0,0,0,0,0.05150263,0,0.0216196,0,0.005001772,0.02,0.35,0,0.05121298,0.6023779,0.1513114,0.15,0,0.0103261,0,0.2,0.292,0.2999373,0,0,0,0,0.1,0.4,0.335,0,0,0,0,0,0,0,0,0.03,0,0,0,0
DepB2a: Pandalus spp.,0,0,0,0,0,0,0,0,0,0,0,0,0.007166047,0,0,0,0,0,0,0,0.001,0.003,0,0,0.0202,0,0,0,0,0,0,0.05,0.015,0.0141,0.0216,0.05,0.032,0.04,0.03,0.2721,0.1024,0.0201,0.0504,0.02,0,0,0,0,0,0,0,0,0,0.005,0.005,0,0.005,0,0,0,0,0,0,0,0,0.08,0.05,0,0,0
DepB2b: other epibenthic shrimp (Caridea),0,0,0,0,0,0,0,0,0,0,0,0,0.02015446,0,0,0,0,0,0,0,0.002,0,0.001,0,0.0202,0,0,0,0,0.005,0.0311,0.01,0.01,0.005,0.0022,0.01,0.05,0.1,0.09,0.1351,0.1024,0.1004,0.1362,0.05,0,0.0052,0,0.06,0.001,0.02,0,0,0,0.01,0.05,0.01,0.03,0,0,0,0.002,0,0,0,0,0.08,0.005,0,0,0
DepB3: mysids,0,0,0,0,0,0,0.0205014,0.0101238,0,0,0,0,0,0,0,0,0,0,0,0,0.014,0.03906168,0.01693915,0,0.001007958,0,0,0,0,0,0,0,0.005,0,0,0,0.03,0.05,0.05,0,0.02048519,0.04015853,0.1008742,0.05,0,0.005163049,0,0.07,0.05,0.000999791,0,0,0,0.01,0.05,0.01,0.02,0,0,0,0.002026342,0,0,0.005,0,0.5,0.1,0,0,0
DepB4: echinoderms,0,0,0,0,0,0,0,0,0,0,0,0,0,0,0,0,0,0,0,0,0,0,0,0,0,0,0,0,0,0,0,0,0.005150263,0,0,0,0.002,0.01,0.001,0,0.005121298,0,0.002017485,0,0,0,0,0.005,0,0.000999791,0,0,0,0,0.01,0.02,0.04,0,0,0,0,0,0,0,0,0.004,0,0,0.01,0
"DepB5: benthic amphipods, isopods, and cumaceans",0,0,0,0,0,0,0,0,0,0,0,0,0,0,0,0,0,0,0,0,0,0,0.001129277,0,0,0,0,0,0,0,0,0,0.005,0,0,0,0.0129,0.02,0.01,0,0.005121298,0,0.005043712,0,0,0,0,0.005,0.2,0.0999791,0.05,0,0,0.01,0.05,0.02,0.1,0,0,0,0,0,0,0,0,0.1,0,0,0,0
SspB2: bivalves,0,0,0,0,0,0,0,0,0,0,0,0,0,0,0,0,0,0,0,0,0,0,0,0,0,0,0,0,0,0,0,0,0.001030053,0,0,0,0,0.15,0.001,0,0.005121298,0,0.002017485,0,0,0,0,0.015,0.05,0.009997909,0,0,0,0,0.2,0.2,0.1,0,0,0.02,0,0,0,0,0,0.001,0,0,0,0
SspB3: misc. epifauna (suspension feeders),0,0,0,0,0,0,0,0,0,0,0,0,0,0,0,0,0,0,0,0,0,0,0,0,0,0,0,0,0,0,0,0,0,0,0,0.001000419,0,0,0,0,0.00102426,0,0.001008742,0,0,0,0,0.005,0.002,0.001999582,0,0,0,0,0.048,0.05,0.034,0,0,0,0,0,0,0,0,0.009,0,0,0,0
CrnB1: Dungeness crab,0,0,0,0,0,0,0,0,0,0,0,0,0,0,0,0,0,0,0,0,0,0,0,0,0,0,0,0,0,0,0,0,0.03451749,0,0.002527596,0.03949369,0.004739243,0.05924053,0.005529117,0,0.04044154,0.005529117,0.007977725,0,0,0,0,0,0,0,0,0,0,0,0.001,0,0,0,0,0,0,0,0,0,0,0,0,0.007898738,0.01974685,0
CrnB2: Tanner crab,0,0,0,0,0,0,0,0,0,0,0,0,0,0,0,0,0,0,0,0,0,0,0,0,0,0,0,0,0,0,0,0,0.009182515,0,0.000672404,0.01050631,0.001260757,0.01575946,0.001470883,0,0.01075846,0.001470883,0.002122275,0,0,0,0,0,0,0,0,0,0,0,0.001,0,0,0,0,0,0,0,0,0,0,0,0,0.002101262,0.005253155,0
CrnB3: misc. epifauna (carnivorous),0,0,0,0,0,0,0,0,0,0,0,0,0,0.001134333,0,0,0,0,0,0.005,0.06,0.003004744,0.09372997,0,0.06047747,0,0,0,0,0,0,0.000999518,0.02060105,0,0.05404899,0.05002096,0.05601985,0.22,0.4,0.4172945,0.1536389,0.2007926,0.2521856,0.13,0,0.03097829,0,0.02,0.05,0.02499477,0,0,0,0.035,0.3,0.15,0.001,0,0,0.01,0,0,0,0,0,0.025,0,0,0,0
SB1: sooty shearwaters,0,0,0,0,0,0,0,0,0,0,0,0,0,0,0,0,0,0,0,0,0,0,0,0,0,0,0,0,0,0,0,0,0,0,0,0,0,0,0,0,0,0,0,0,0,0,0,0,0,0,0,0,0,0,0,0,0,0,0,0,0,0,0,0,0,0,0,0,0,0
SB2: common murre,0,0,0,0,0,0,0,0,0,0,0,0,0,0,0,0,0,0,0,0,0,0,0,0,0,0,0,0,0,0,0,0,0,0,0,0,0,0,0,0,0,0,0,0,0,0,0,0,0,0,0,0,0,0,0,0,0,0,0,0.003222298,0,0,0,0,0,0,0,0,0,0
SB3: gulls & terns,0,0,0,0,0,0,0,0,0,0,0,0,0,0,0,0,0,0,0,0,0,0,0,0,0,0,0,0,0,0,0,0,0,0,0,0,0,0,0,0,0,0,0,0,0,0,0,0,0,0,0,0,0,0,0,0,0,0,0,0.00149939,0,0,0,0,0,0,0,0,0,0
SB4: alcids,0,0,0,0,0,0,0,0,0,0,0,0,0,0,0,0,0,0,0,0,0,0,0,0,0,0,0,0,0,0,0,0,0,0,0,0,0,0,0,0,0,0,0,0,0,0,0,0,0,0,0,0,0,0,0,0,0,0,0,0.000140909,0,0,0,0,0,0,0,0,0,0
SB5: large pelagic seabirds,0,0,0,0,0,0,0,0,0,0,0,0,0,0,0,0,0,0,0,0,0,0,0,0,0,0,0,0,0,0,0,0,0,0,0,0,0,0,0,0,0,0,0,0,0,0,0,0,0,0,0,0,0,0,0,0,0,0,0,0,0,0,0,0,0,0,0,0,0,0
SB6: other pelagic seabirds,0,0,0,0,0,0,0,0,0,0,0,0,0,0,0,0,0,0,0,0,0,0,0,0,0,0,0,0,0,0,0,0,0,0,0,0,0,0,0,0,0,0,0,0,0,0,0,0,0,0,0,0,0,0,0,0,0,0,0,0,0,0,0,0,0,0,0,0,0,0
SB7: coastal seabirds (divers),0,0,0,0,0,0,0,0,0,0,0,0,0,0,0,0,0,0,0,0,0,0,0,0,0,0,0,0,0,0,0,0,0,0,0,0,0,0,0,0,0,0,0,0,0,0,0,0,0,0,0,0,0,0,0,0,0,0,0,0.000134921,0,0,0,0,0,0,0,0,0,0
SB8: storm-petrels,0,0,0,0,0,0,0,0,0,0,0,0,0,0,0,0,0,0,0,0,0,0,0,0,0,0,0,0,0,0,0,0,0,0,0,0,0,0,0,0,0,0,0,0,0,0,0,0,0,0,0,0,0,0,0,0,0,0,0,2.48176E-06,0,0,0,0,0,0,0,0,0,0
PlnkMM1: gray whales,0,0,0,0,0,0,0,0,0,0,0,0,0,0,0,0,0,0,0,0,0,0,0,0,0,0,0,0,0,0,0,0,0,0,0,0,0,0,0,0,0,0,0,0,0,0,0,0,0,0,0,0,0,0,0,0,0,0,0,0,0,0,0,0,0,0,0,0,0,0
PlnkMM2: baleen whales,0,0,0,0,0,0,0,0,0,0,0,0,0,0,0,0,0,0,0,0,0,0,0,0,0,0,0,0,0,0,0,0,0,0,0,0,0,0,0,0,0,0,0,0,0,0,0,0,0,0,0,0,0,0,0,0,0,0,0,0,0,0,0,0,0,0,0,0,0,0
PiscMM1: small pinnipeds,0,0,0,0,0,0,0,0,0,0,0,0,0,0,0,0,0,0,0,0,0,0,0,0,0,0,0,0,0,0,0,0,0,0,0,0,0,0,0,0,0,0,0,0,0,0,0,0,0,0,0,0,0,0,0,0,0,0,0,0,0,0,0,0,0,0,0,0,0,0
PiscMM2: large pinnipeds,0,0,0,0,0,0,0,0,0,0,0,0,0,0,0,0,0,0,0,0,0,0,0,0,0,0,0,0,0,0,0,0,0,0,0,0,0,0,0,0,0,0,0,0,0,0,0,0,0,0,0,0,0,0,0,0,0,0,0,0,0,0,0,0,0,0,0,0,0,0
PiscMM4: toothed whales,0,0,0,0,0,0,0,0,0,0,0,0,0,0,0,0,0,0,0,0,0,0,0,0,0,0,0,0,0,0,0,0,0,0,0,0,0,0,0,0,0,0,0,0,0,0,0,0,0,0,0,0,0,0,0,0,0,0,0,0,0,0,0,0,0,0,0,0,0,0
Z1c: invertebrate eggs,0,0,0,0,0,0.02066867,0.0102507,0.0101238,0.01,0.199726,0.02,0.02,0,0.001134333,0,0.009057205,0.001,0.005671667,0.02171435,0,0,0,0.001129277,0,0,0,0,0,0,0.001007958,0,0,0,0,0,0,0,0,0,0,0,0,0,0,0.01049726,0.0103261,0,0.005,0,0.009997909,0,0,0,0.005,0,0,0,0,0,0,0,0,0,0,0,0,0,0,0,0
Z2d: fish eggs,0,0,0,0,0,0.005167166,0.0102507,0.0101238,0,0.03534974,0.005,0.005,0,0,0,0.001006356,0.004,0.01134333,0.05428587,0,0,0,0.09485925,0,0,0,0,0,0,0.001007958,0,0,0,0,0,0,0,0,0,0,0,0,0,0,0,0.0103261,0,0.005,0,0.004998955,0,0,0,0,0,0,0,0,0,0,0,0.005021761,0,0,0.05205487,0.001,0,0,0,0
D1: pelagic detritus,0.6,0,0,0,0.02,0.01033433,0,0.0101238,0.1,0,0,0,0,0,0,0,0,0,0,0,0,0,0,0,0,0,0,0,0,0,0,0,0,0,0,0,0,0,0,0,0,0,0,0,0,0,0,0,0,0,0,0,0.05,0.015,0,0,0,0,0,0,0,0,0,0,0,0,0,0,0,0
D2: fishery offal,0,0,0,0,0,0,0,0,0,0,0,0,0,0,0,0,0,0,0,0,0,0,0,0,0,0,0,0,0,0,0,0,0.001,0,0.04323919,0,0,0,0,0,0.01536389,0.001003963,0.001008742,0,0,0,0,0,0,0,0.001,0.001,0,0,0.05,0.09,0.005,0.005,0,0.1,0,0.1004352,0.005,0.01,0,0,0,0,0,0
D3: benthic detritus,0,0,0,0,0,0,0,0,0,0,0,0.15,0,0,0,0,0,0,0,0,0,0,0,0,0,0,0,0,0,0,0,0,0,0,0.00108098,0,0.005,0,0.02,0,0.01536389,0.005019816,0.01008742,0.15,0,0,1,0.25,0.3,0.2499477,0.849,0.999,0.9,0.88,0.01,0.05,0.33,0,0,0.05,0,0.002008704,0,0,0,0,0,0,0,0
Import,0,0,0,0,0,0,0,0,0,0,0,0,0,0,0,0,0,0,0,0,0,0,0,0,0,0,0,0,0,0,0,0,0,0,0,0,0,0,0,0,0,0,0,0,0,0,0,0,0,0,0,0,0,0,0,0,0,0,0,0.24,0,0,0,0.1,0,0,0,0,0,0
Sum,1,1,1,1,1,0.9999325,1.000037,1.000158,0.9999999,0.9999999,1,1,0.9999999,1.00006,1,0.9999646,1,1.000035,1.000013,1,1,0.9999995,0.999989,1.000039,1.000124,0.9999077,1.000038,0.9999785,0.999827,0.9999832,1.000047,0.9999841,0.9999909,0.9999525,0.9999832,0.9999423,0.9999655,0.9999999,1,0.9998256,1.000053,0.9999888,0.9999282,1,1.00015,0.9999665,1,0.9999999,1,1.000053,1,1,1,1,1,1,1,0.9999999,1,1,1.000026,0.9999912,0.9999999,1,0.9999183,1,1,0.9999999,0.999986,0.9999999
(1 - Sum),0,0,0,0,-1.19209E-07,6.75321E-05,-3.71933E-05,-0.000158191,5.96046E-08,5.96046E-08,0,0,5.96046E-08,-5.98431E-05,0,3.54052E-05,0,-3.45707E-05,-1.29938E-05,0,0,4.76837E-07,1.10269E-05,-3.93391E-05,-0.000123978,9.2268E-05,-3.75509E-05,2.14577E-05,0.000173032,1.68085E-05,-4.69685E-05,1.59144E-05,9.11951E-06,4.75049E-05,1.68085E-05,5.76973E-05,3.44515E-05,1.19209E-07,0,0.000174403,-5.26905E-05,1.12057E-05,7.18236E-05,0,-0.000149846,3.34978E-05,0,5.96046E-08,0,-5.29289E-05,0,0,0,0,0,0,0,5.96046E-08,0,0,-2.59876E-05,8.76188E-06,5.96046E-08,0,8.16584E-05,0,0,1.19209E-07,1.40071E-05,5.96046E-08
